filename,target,speaker_id,gender,age,country
baje_c7e0483100584d51a499e667d8e70ae8.wav,baje,ES_01,male,20-60,Venezuela
caso_f0469c1b0f0a467c871fc47064463c3d.wav,caso,ES_02,male,20-60,Guatemala
checo_dff4eb29b2d440f59986918cc24d53a7.wav,checo,ES_03,male,20-60,Mexico
Chema_102805e60d29491ba49afdfb7556053d.wav,chema,ES_04,male,20-60,Poland
chola_97e0a1d4422e40d2831cfe6d02e98fdd.wav,chola,ES_05,male,20-60,Venezuela
chupi_b819c986dd6f4c7ca601513e53b568b5.wav,chupi,ES_02,male,20-60,Guatemala
cura_4a2f344232904acf831d0c0105d4ec31.wav,cura,ES_06,male,20-60,Venezuela
cuno_40ba169c01f644e9aed907a827f7e360.wav,cuño,ES_05,male,20-60,Venezuela
debe_f7c3f34a12a24f479f5ee1fce443eed5.wav,debe,ES_07,male,20-60,Venezuela
denso_6d730625635e4a50a473b3fb7cb52363.wav,denso,ES_08,male,20-60,Colombia
duna_2b431662cfe5471c8d6f362bf8ea86e8.wav,duna,ES_03,male,20-60,Mexico
faro_2fa39f37d0814bb79dfa3de097f49a68.wav,faro,ES_04,male,20-60,Poland
fila_96493dc7bcfe4cae85617f7a7e1abc4d.wav,fila,ES_09,male,20-60,Costa Rica
fuente_bbda9baf4d704c6bbc897873468d946c.wav,fuente,ES_04,male,20-60,Poland
haya_ce5b5cf3dcff407499982115d096b57a.wav,haya,ES_06,male,20-60,Venezuela
leyes_cce68abe913c46daae10154b0e5d284c.wav,leyes,ES_04,male,20-60,Poland
ligue_5d23fdebc55947c8acc4473b8cd0d42e.wav,ligue,ES_10,male,20-60,Mexico
lobo_2270e41e54cf4543aae4a864f14d4ee5.wav,lobo,ES_11,male,20-60,Spain
Lugo_fe525bbb31914ae39bacacea52ce327a.wav,lugo,ES_12,male,20-60,Venezuela
mago_4f5d6b88b2c2466a840b4a70c7dd840a.wav,mago,ES_08,male,20-60,Colombia
mayo_caadad1ad0534f2495870223b12512a9.wav,mayo,ES_13,male,20-60,Venezuela
meta_42fb462049af47c68b92446ecf81c97b.wav,meta,ES_14,male,20-60,Panama
mudo_5f174e59bd004107ae5212f8744f8c9a.wav,mudo,ES_15,male,20-60,Costa Rica
nino_6f91305a9d19475eb197d887e17824eb.wav,niño,ES_06,male,20-60,Venezuela
ocho_576d29e809b448858f556fa37c5ec9b1.wav,ocho,ES_02,male,20-60,Guatemala
paga_66f6afe0babf4f459feca12e1a3bc4ee.wav,paga,ES_03,male,20-60,Mexico
papa_8be777129e0a45d2a399bbb35d3bb8c0.wav,papa,ES_14,male,20-60,Panama
paso_7ce2714dc951470582c8c5733ed5eeac.wav,paso,ES_04,male,20-60,Poland
pecho_ce7d3c8f1ace4f3baed55b9c2cc47190.wav,pecho,ES_08,male,20-60,Colombia
peto_72ccef8541614aed8d7f3600593ce78b.wav,peto,ES_08,male,20-60,Colombia
pila_09fe8ad4bd1146e383ee339e5cac33c7.wav,pila,ES_03,male,20-60,Mexico
pobre_4e0578edb32d4a32b722ba380be59cac.wav,pobre,ES_15,male,20-60,Costa Rica
poro_2a2a7d2947e444659fa8af5afe66bb20.wav,poro,ES_05,male,20-60,Venezuela
priva_d27682c8c94a48d8bfbedb6a8acc77c2.wav,priva,ES_06,male,20-60,Venezuela
puerca_97bb5b49397a4e69a2b58bdb6526dbda.wav,puerca,ES_02,male,20-60,Guatemala
queso_b1f7e44c23f249cc9c8f9fadbefde19d.wav,queso,ES_07,male,20-60,Venezuela
rama_9f35dd18ada84e51bce3b9f4c56ea82c.wav,rama,ES_15,male,20-60,Costa Rica
redes_11c2a62ff8614d7d81253cf9cd281065.wav,redes,ES_02,male,20-60,Guatemala
seco_54cfe15829784694970dd5c47e140c5b.wav,seco,ES_16,male,20-60,Ecuador
subo_016df63c286245de9455888169c1dec1.wav,subo,ES_08,male,20-60,Colombia
sumo_deb49470e58b4b019ea55cc2cb527474.wav,sumo,ES_02,male,20-60,Guatemala
suyo_966bdbb113f24d26ade612c128192783.wav,suyo,ES_04,male,20-60,Poland
tardo_07e759901de4475ba3157e7583a1b574.wav,tardo,ES_02,male,20-60,Guatemala
techo_4262fdf6a85f43b9b25a9482e20c349d.wav,techo,ES_04,male,20-60,Poland
tierna_28f29aff355f4d52a2123ec5a9476f94.wav,tierna,ES_08,male,20-60,Colombia
tono_adf6076457df4dfcbca2bdfffd902fa2.wav,tono,ES_14,male,20-60,Panama
torso_90716d45ec55435aac17b0989c4e0e14.wav,torso,ES_04,male,20-60,Poland
trama_2946529106cc4798bf5d6a3492963045.wav,trama,ES_14,male,20-60,Panama
tuna_fcc1ef9525a24edeb203f99fc1092a34.wav,tuna,ES_14,male,20-60,Panama
vague_87cf75ddb4764d4eaa6407e7e9fad888.wav,vague,ES_06,male,20-60,Venezuela
yapa_9ff1bfd065664fc199c75068525e5e8a.wav,yapa,ES_08,male,20-60,Colombia
yodo_91ca27d57c4c46d3a35258af86c3835d.wav,yodo,ES_05,male,20-60,Venezuela
yoyo_9778cf903b714f8db7f9c3d2582fca2f.wav,yoyo,ES_15,male,20-60,Costa Rica
bana_18f5523ae48a48bc8823e8657c250c0f.wav,baña,ES_17,female,20-60,Colombia
chapa_7596a3ce40e24a8db1c4b78fcdd06d51.wav,chapa,ES_18,female,20-60,Venezuela
chelo_425feb3b49044624b582e7d66f7b8a30.wav,chelo,ES_18,female,20-60,Venezuela
chino_aa342839ba0f4f0ba69e1fa885495900.wav,chino,ES_19,female,20-60,Colombia
chupe_dc346e249c454e5dafd109c406a432d1.wav,chupe,ES_20,female,20-60,Venezuela
cobre_9ef2bd807d1b4a7e91c77eaa6a8f5b17.wav,cobre,ES_21,female,20-60,Argentina
cuyo_6160a6e3226848b2bad6305ca3baa292.wav,cuyo,ES_22,female,20-60,Colombia
dardo_cc9181032e93448a8ae5cb3641b35715.wav,dardo,ES_23,female,20-60,Venezuela
deme_ddfc98f8e2014d56a191ec568d82fed4.wav,deme,ES_24,female,20-60,Colombia
dorso_38e00498f36a48e994a83fe4cfa46d4e.wav,dorso,ES_25,female,20-60,Dominican Republic
dia_f82ef7a40d31465493ab46244fca3f8c.wav,día,ES_23,female,20-60,Venezuela
feto_4177a37b6ce84561adfc9c39df8ed993.wav,feto,ES_25,female,20-60,Dominican Republic
foco_ce2f48818347458ab208d1ad59d1bb4e.wav,foco,ES_26,female,20-60,Venezuela
hada_67bdea4f227c4a2ca0b83860b2e89e4a.wav,hada,ES_27,female,20-60,Colombia
hielo_f2fb3d0e54914546a53032bf119de66b.wav,hielo,ES_28,female,20-60,Guatemala
lenes_d7bbea53a12c4efea5327a335c1de83c.wav,leñes,ES_29,female,20-60,Colombia
lije_fd757f436c2a49c1806acbcee625108e.wav,lije,ES_27,female,20-60,Colombia
lomo_f8da902d757b4fe69743db07395ab25c.wav,lomo,ES_30,female,20-60,Argentina
lujo_a9683d2d9d3a4a70ab5d676302160f69.wav,lujo,ES_22,female,20-60,Colombia
majo_86b6601c1b3b42178168511995819bc8.wav,majo,ES_25,female,20-60,Dominican Republic
mano_139c6a5db060468ab3ab2915c47f30b7.wav,maño,ES_23,female,20-60,Venezuela
Mino_34f7870788d94f40846b008d8cdc7164.wav,miño,ES_25,female,20-60,Dominican Republic
neta_bd94fd2d1f1548a8a03ccbf1c4b9bc74.wav,neta,ES_27,female,20-60,Colombia
nudo_17916d299f4a45059a3fe06f02bdf369.wav,nudo,ES_27,female,20-60,Colombia
oso_390bb8a74f694041af09da7122527a5b.wav,oso,ES_29,female,20-60,Colombia
paja_00dd518da6ac4c13b09a4ef313431a48.wav,paja,ES_27,female,20-60,Colombia
paro_d1763bca1d9b43f283097674fe1b6ad1.wav,paro,ES_23,female,20-60,Venezuela
pata_cc6efc9a2dbd4038be9d5cf0f9c8ef8c.wav,pata,ES_27,female,20-60,Colombia
peso_c156534f925e4b72baa0143edd070021.wav,peso,ES_23,female,20-60,Venezuela
pierna_8b4bad74d44e4ac2a4786e9c491da7ea.wav,pierna,ES_23,female,20-60,Venezuela
pitar_71672511f6d84da1a845c52680b819b0.wav,pitar,ES_31,female,20-60,Colombia
poco_790903c12e11429483cb3fd71551b7c9.wav,poco,ES_30,female,20-60,Argentina
prima_a7e54852c5424b3a92650805c6a2fccc.wav,prima,ES_32,female,20-60,Estonia
puente_8f475b05b58c4636aec6e7b323180783.wav,puente,ES_26,female,20-60,Venezuela
pura_08047ecc0784475fa2217dbe641c88b0.wav,pura,ES_27,female,20-60,Colombia
quitar_4a228b83d1a547a1aefdad9197c4b0e8.wav,quitar,ES_26,female,20-60,Venezuela
rana_619c4279905140c9b1f43080366a398b.wav,rana,ES_28,female,20-60,Guatemala
reyes_d8ba8208b1604bc8827fd49c12fc3e45.wav,reyes,ES_23,female,20-60,Venezuela
sino_29d019bf4b174d2d97d766ca8171de95.wav,sino,ES_25,female,20-60,Dominican Republic
sudo_4500e3a5b4e54277a38fc42365dbc98e.wav,sudo,ES_26,female,20-60,Venezuela
supe_11948747c7aa4f1a83cabfe1f4f2336a.wav,supe,ES_25,female,20-60,Dominican Republic
tacha_133a96beadba47b19e1696f0e39c777d.wav,tacha,ES_29,female,20-60,Colombia
tasa_fa23d2d2b5f14fb49fafab60c7326c6b.wav,tasa,ES_23,female,20-60,Venezuela
tenso_a35d804eed6146848b16acd58e13a0b3.wav,tenso,ES_23,female,20-60,Venezuela
tomo_f2cb63fd35e348d5a1ce442c25191423.wav,tomo,ES_27,female,20-60,Colombia
toro_233c4db9887942beb89ba5bae0a5afa4.wav,toro,ES_29,female,20-60,Colombia
traba_d93c51cd425b4571a664e2e1cb16be70.wav,traba,ES_33,female,20-60,Spain
tuerca_96bce807394c4f2a8a018a8eb078bbca.wav,tuerca,ES_28,female,20-60,Guatemala
tia_acd0c1b8aa1d4b5d89431c0c3231063d.wav,tía,ES_23,female,20-60,Venezuela
vaya_34874aedf55e4fd6b715637cc34690df.wav,vaya,ES_28,female,20-60,Guatemala
yema_573e735c935f46e8869ad87d996aaed9.wav,yema,ES_22,female,20-60,Colombia
yola_918e29a26512446f8a2ce9e02a570dc6.wav,yola,ES_27,female,20-60,Colombia
yupi_8099912fa1094c83925a6a7df12e1b24.wav,yupi,ES_23,female,20-60,Venezuela
baje_e4606493333248d0b61921f2df32169a.wav,baje,ES_22,female,20-60,Colombia
caso_3f4088bb46334363992bb68392dfaa27.wav,caso,ES_28,female,20-60,Guatemala
checo_25f522c0ed954420b3459235327bae77.wav,checo,ES_28,female,20-60,Guatemala
Chema_86844f63df0b47bd837a71f9a04f9c4d.wav,chema,ES_28,female,20-60,Guatemala
chola_09a73daf7627457ca92d5045d464e96f.wav,chola,ES_29,female,20-60,Colombia
chupi_b01d35fd084c428f81817018d6fb4bf9.wav,chupi,ES_26,female,20-60,Venezuela
cura_5449dc62bdae4e1192c3d50bd5a659b4.wav,cura,ES_33,female,20-60,Spain
cuno_182071b22c6544c4969afb07bef52f74.wav,cuño,ES_27,female,20-60,Colombia
debe_06031e1d62a4447789677d7609d78631.wav,debe,ES_23,female,20-60,Venezuela
denso_37bed612f29c4a7baae8d9112dfda36c.wav,denso,ES_25,female,20-60,Dominican Republic
duna_35a2418cb74d4204a91db1bd9837b847.wav,duna,ES_26,female,20-60,Venezuela
faro_c3215b8b6afa471892a9e28fadb5f358.wav,faro,ES_28,female,20-60,Guatemala
fila_315559be633945ff9fe9f345b2227205.wav,fila,ES_28,female,20-60,Guatemala
fuente_e4af892c931e49e8aef2ea4b59cb6f6f.wav,fuente,ES_26,female,20-60,Venezuela
haya_a5cd6029c4b0418b9e04bcc13779eae0.wav,haya,ES_25,female,20-60,Dominican Republic
leyes_3bb36421572143429b5e3f8a50ffea79.wav,leyes,ES_25,female,20-60,Dominican Republic
ligue_19bb431cfb4249e8aa09a13cffe4a91b.wav,ligue,ES_25,female,20-60,Dominican Republic
lobo_b48c4efa7aca439b80f9199810fb63fa.wav,lobo,ES_23,female,20-60,Venezuela
Lugo_2dfd9b71c1ff427faa4980cc4d7f72ac.wav,lugo,ES_27,female,20-60,Colombia
mago_07d5d0117f304f0987cd0d4150393f77.wav,mago,ES_34,female,20-60,Venezuela
mayo_1eaddf8fe7ea480caa5135e35581fa26.wav,mayo,ES_28,female,20-60,Guatemala
meta_46e3abee2c33436f82e4d4f4360b0411.wav,meta,ES_26,female,20-60,Venezuela
mudo_3cf157646ae547d7b6ee49310fca62b3.wav,mudo,ES_22,female,20-60,Colombia
nino_75d46e8112ac41df84aa020b049eba51.wav,niño,ES_30,female,20-60,Argentina
ocho_abe05a634a4147b7ba27191164e4e705.wav,ocho,ES_29,female,20-60,Colombia
paga_4ce3d930ca114c6d9e75e69742b4f7d9.wav,paga,ES_25,female,20-60,Dominican Republic
papa_b7d0b54d770e4cbeb950ceee4109da0c.wav,papa,ES_28,female,20-60,Guatemala
paso_057d41f7ed0b48168379ee8883c5f088.wav,paso,ES_29,female,20-60,Colombia
pecho_04f0923ed42b47b5b9430fd503ce5082.wav,pecho,ES_29,female,20-60,Colombia
peto_2fa7479968d14834b52eb781fa4ad26d.wav,peto,ES_22,female,20-60,Colombia
pila_e2f73eca92bc4298aa9841801730f9ad.wav,pila,ES_26,female,20-60,Venezuela
pobre_e46b24773df94b83a7d55f30c3b46fc5.wav,pobre,ES_27,female,20-60,Colombia
poro_ecf3d8c3ad9d47ed8721fc373cc63f2a.wav,poro,ES_27,female,20-60,Colombia
priva_45c0aac6043f424fbf148d0b477b96ce.wav,priva,ES_25,female,20-60,Dominican Republic
puerca_1066c56d1489459dbe0c21a4813d6da5.wav,puerca,ES_22,female,20-60,Colombia
queso_65f50d3fc83d42b8b676f04612300cb8.wav,queso,ES_29,female,20-60,Colombia
rama_d62ccc38bd994620910553bba73fca64.wav,rama,ES_28,female,20-60,Guatemala
redes_322fab29863048feaf533f8860b7d831.wav,redes,ES_31,female,20-60,Colombia
seco_052eb719fa134d7eb9a08219ccc7e307.wav,seco,ES_25,female,20-60,Dominican Republic
subo_23eb9d00c1024befb29a8e41068de03f.wav,subo,ES_29,female,20-60,Colombia
sumo_7c36a250491b48a4aeea46ed36cfc989.wav,sumo,ES_23,female,20-60,Venezuela
suyo_bc1502f762594d43b9ed6f9a98c82b18.wav,suyo,ES_23,female,20-60,Venezuela
tardo_22264c1baba14c8aaed163b37df00517.wav,tardo,ES_25,female,20-60,Dominican Republic
techo_4439655291474ed585ffd8869922e9bc.wav,techo,ES_29,female,20-60,Colombia
tierna_a3386b54d2004fdcbe324dc8d7621b60.wav,tierna,ES_33,female,20-60,Spain
tono_842b48b6779b4ba991c0d03dbbba4d23.wav,tono,ES_27,female,20-60,Colombia
torso_16e616941efb406d88ee135b3b1f2d9b.wav,torso,ES_23,female,20-60,Venezuela
trama_d0052ad7087e425da497c1fce24c27ff.wav,trama,ES_29,female,20-60,Colombia
tuna_3cd9a1d52dce49afaa8a1748d7c6db42.wav,tuna,ES_25,female,20-60,Dominican Republic
vague_4f6769ecc6e64a86bb5667bd11626be0.wav,vague,ES_24,female,20-60,Colombia
yapa_22bb8446a248404fa2c04249eb602aca.wav,yapa,ES_31,female,20-60,Colombia
yodo_c08f92639d0a431ba25e2b4b41429f5c.wav,yodo,ES_22,female,20-60,Colombia
yoyo_fbd2829ba84944c3ae2ca3c2b5b4b4b1.wav,yoyo,ES_28,female,20-60,Guatemala
bana_a4670e5d3d7a4e9fa405054a6f450a29.wav,baña,ES_35,male,20-60,Poland
chapa_b403eec146e7496c8c6d05887f596a2d.wav,chapa,ES_36,male,20-60,Panama
chelo_71f7527a6bf7440eaaf8213b249ea449.wav,chelo,ES_35,male,20-60,Poland
chino_74007d2155fe4656b2a070ab55864fb8.wav,chino,ES_02,male,20-60,Guatemala
chupe_b89277c3858b43eab07f0e08e4379cbc.wav,chupe,ES_14,male,20-60,Panama
cobre_215cb168a7b64b329d4705bc151f4ee6.wav,cobre,ES_02,male,20-60,Guatemala
cuyo_c6cd1828f2df43bf9697ccea610eecf1.wav,cuyo,ES_02,male,20-60,Guatemala
dardo_d0e6a29e6e064d269d6601c2574e61da.wav,dardo,ES_08,male,20-60,Colombia
deme_6e6cdac29fc247fe9210e0e55d6584db.wav,deme,ES_14,male,20-60,Panama
dorso_4290c4d37d1647c69b69da9d23a86dea.wav,dorso,ES_07,male,20-60,Venezuela
dia_3b213edb3c2f46e785726c93afce532e.wav,día,ES_02,male,20-60,Guatemala
feto_b2378236862549349a1dc293617fbe82.wav,feto,ES_04,male,20-60,Poland
foco_416e997ec9aa498f96e4706589748fb2.wav,foco,ES_37,male,20-60,Colombia
hada_03f93e3c99864af1bb6b8f5cf6fb79cb.wav,hada,ES_08,male,20-60,Colombia
hielo_6fd43a17e7ca452aadf4925029f95871.wav,hielo,ES_07,male,20-60,Venezuela
lenes_6f3a5a03ae844c2c8942e4417ee7c25b.wav,leñes,ES_04,male,20-60,Poland
lije_8660ea2600f04445be91d795227717ae.wav,lije,ES_04,male,20-60,Poland
lomo_5a7c7da7e19442e580669e81ef546dfa.wav,lomo,ES_11,male,20-60,Spain
lujo_e4608140bdd74afd88543e6ca27c74f2.wav,lujo,ES_06,male,20-60,Venezuela
majo_644c0d1f35d146cba35ebc5dc1d83237.wav,majo,ES_03,male,20-60,Mexico
mano_64b97e6bd4cd437b8c885c2122900c26.wav,maño,ES_03,male,20-60,Mexico
Mino_368ce9aa40d3462d8160b021c354a654.wav,miño,ES_06,male,20-60,Venezuela
neta_c1af9fd5b9584e90bcca0e870be0bcf7.wav,neta,ES_03,male,20-60,Mexico
nudo_e5f5a566ea664085a6855e7685cfe0a4.wav,nudo,ES_38,male,20-60,Argentina
oso_956d0e4f43464bd08b09a4cdb8cbbb73.wav,oso,ES_08,male,20-60,Colombia
paja_2546c00895514fba96353db874167da7.wav,paja,ES_03,male,20-60,Mexico
paro_9a7ef7df5eab48c394d6691b2eafff4a.wav,paro,ES_15,male,20-60,Costa Rica
pata_82682e95f4c947aeb4ca9756e16bce58.wav,pata,ES_03,male,20-60,Mexico
peso_79f089ed78b7421184e456b7af48aa39.wav,peso,ES_07,male,20-60,Venezuela
pierna_f864a6145ecb4c93a74bcbcc880b399b.wav,pierna,ES_04,male,20-60,Poland
pitar_c38ad3a9cf8445e7a7407d67325d2b2c.wav,pitar,ES_15,male,20-60,Costa Rica
poco_d3d0444c80074fb48b9cebb18290e8b0.wav,poco,ES_05,male,20-60,Venezuela
prima_1c5ae5d8a2104f0ca19b2626ea2b99b7.wav,prima,ES_06,male,20-60,Venezuela
puente_d49a7eeda3304c1bade454a545ea3e89.wav,puente,ES_14,male,20-60,Panama
pura_3087489bffd64ca38cbad5d1ae71ab46.wav,pura,ES_02,male,20-60,Guatemala
quitar_74d04c511dca43a1b4dac816d7fa1d7d.wav,quitar,ES_02,male,20-60,Guatemala
rana_25811a39515f496ea2e8c8a31ac5c79c.wav,rana,ES_02,male,20-60,Guatemala
reyes_3f4e569cb33249b9b7c9efd2ff1bf649.wav,reyes,ES_04,male,20-60,Poland
sino_302c11fd5dd84d1e973c8411a4118a2f.wav,sino,ES_07,male,20-60,Venezuela
sudo_cbcaf7b67b914b6c9f280b0bca7d3dd1.wav,sudo,ES_04,male,20-60,Poland
supe_df661c6abefa40779ff9b0c00efb6c9f.wav,supe,ES_07,male,20-60,Venezuela
tacha_a2630a940aa543018b391e420dc7d792.wav,tacha,ES_02,male,20-60,Guatemala
tasa_3138eab8c2de4655b861b32708d05abc.wav,tasa,ES_07,male,20-60,Venezuela
tenso_8e4054c616064a38a7e84f680a8f6010.wav,tenso,ES_09,male,20-60,Costa Rica
tomo_dcac2068f45f4d08a00321cc1e66591e.wav,tomo,ES_15,male,20-60,Costa Rica
toro_279d7968415e4d82b51b33af514ab029.wav,toro,ES_14,male,20-60,Panama
traba_9888a760238c4677afd701a2a5c0e24a.wav,traba,ES_02,male,20-60,Guatemala
tuerca_5fedeecdbbe6465593d24fab99c9d4fa.wav,tuerca,ES_02,male,20-60,Guatemala
tia_5c0156fb957149759c9ed27c0ca6cf83.wav,tía,ES_02,male,20-60,Guatemala
vaya_b6ddd1c8e86a4fb5b6d5d6dd96b7e7d7.wav,vaya,ES_05,male,20-60,Venezuela
yema_ca08a973e25d4d2cb0220a7b6197f5e0.wav,yema,ES_03,male,20-60,Mexico
yola_ec0a6040aad04b1bac5324506570d8ab.wav,yola,ES_05,male,20-60,Venezuela
yupi_5cd8f29461f34eefa014e5dbd42d7200.wav,yupi,ES_06,male,20-60,Venezuela
baje_d75261fc44a8446b99e668f07dd7603e.wav,baje,ES_39,male,20-60,Costa Rica
caso_9aee5b7495e3498583e801988221e67f.wav,caso,ES_40,male,20-60,Venezuela
checo_8d5bffa2329d4a66bd7c79e04a12a1dc.wav,checo,ES_35,male,20-60,Poland
Chema_b24f1a2c8ecb41ec828aa6765ced5fc2.wav,chema,ES_39,male,20-60,Costa Rica
chola_31a7534120de448c8ab3d48f3e43a6b9.wav,chola,ES_02,male,20-60,Guatemala
chupi_cdc25d24706247489c72c44d468c27b2.wav,chupi,ES_04,male,20-60,Poland
cura_b2a1011af7834e52beba0049504756ba.wav,cura,ES_14,male,20-60,Panama
cuno_d3d49cd0b63a4bbbaa633f63aa533bb7.wav,cuño,ES_41,male,20-60,Guatemala
debe_7b5be605fceb41fdb6f64079cd0ef079.wav,debe,ES_02,male,20-60,Guatemala
denso_1ff7dddeab684ae9aeccca70a7a425a7.wav,denso,ES_04,male,20-60,Poland
duna_903b4b6f133040bfb59375f45abffe01.wav,duna,ES_06,male,20-60,Venezuela
faro_87b7ce9368904c6ea148b633ffe520a7.wav,faro,ES_09,male,20-60,Costa Rica
fila_33450083345f4368abb30370c4da218d.wav,fila,ES_04,male,20-60,Poland
fuente_bfcf1f54d7d64a6285de01b5868ffaea.wav,fuente,ES_02,male,20-60,Guatemala
haya_246598e63ab64cc7919b503c020d2fa1.wav,haya,ES_09,male,20-60,Costa Rica
leyes_97707f6b54d74e4c8d6f63f0227406d9.wav,leyes,ES_06,male,20-60,Venezuela
ligue_57f249bd0362448ba16174e3903bd123.wav,ligue,ES_08,male,20-60,Colombia
lobo_43290f369c55487f9ce701a0f1b90189.wav,lobo,ES_06,male,20-60,Venezuela
Lugo_2d89ae428bb24167b7550d189a8db4fb.wav,lugo,ES_42,male,20-60,Venezuela
mago_4eaa72a10c5447fbb5d7f2e9d07991fd.wav,mago,ES_04,male,20-60,Poland
mayo_80a2b38bea90428f915e5705d7ea3789.wav,mayo,ES_06,male,20-60,Venezuela
meta_a5436e1e6b5f4359ac5405c8fa780a56.wav,meta,ES_05,male,20-60,Venezuela
mudo_2c751a84ac2344b9adef6f4ff4c6c2bd.wav,mudo,ES_03,male,20-60,Mexico
nino_4aab0055d8b94051af1c4ac0c528876f.wav,niño,ES_05,male,20-60,Venezuela
ocho_7f5a15c5d7e74682afb8c19f2557b754.wav,ocho,ES_08,male,20-60,Colombia
paga_21088f0d4a9b4e879f9ee4a2f64ef949.wav,paga,ES_08,male,20-60,Colombia
papa_0ff05d9fc889413ea47b6d54e62c0977.wav,papa,ES_05,male,20-60,Venezuela
paso_f8de184549b9444d809e587c186830df.wav,paso,ES_09,male,20-60,Costa Rica
pecho_75e89ad1881c45f6a274a6f9fc477bb9.wav,pecho,ES_06,male,20-60,Venezuela
peto_441b4558e93d40629755c4f3b5ff9dcb.wav,peto,ES_06,male,20-60,Venezuela
pila_11aa668ec9954610aa12925ee2dddac2.wav,pila,ES_06,male,20-60,Venezuela
pobre_8dd80950a1ef4ee5a5523ccf46db9b46.wav,pobre,ES_12,male,20-60,Venezuela
poro_1fc3e918d60340c9b93680baa32c715f.wav,poro,ES_03,male,20-60,Mexico
priva_b62d8dd7e9194f17aeb626a216e7bdd8.wav,priva,ES_02,male,20-60,Guatemala
puerca_0fb747a31351405d9f96cda2ccd0b4f7.wav,puerca,ES_15,male,20-60,Costa Rica
queso_80bb3236305147b28d894277ad9646cd.wav,queso,ES_04,male,20-60,Poland
rama_1fe6d1ac68984bd8b04e31e3439898ed.wav,rama,ES_03,male,20-60,Mexico
redes_a9c1dbb4845e416fb345f57d8604b3f7.wav,redes,ES_08,male,20-60,Colombia
seco_c305fe6a9686454e841305f7f11fbce0.wav,seco,ES_07,male,20-60,Venezuela
subo_5332df7d965041a5adca2c3784463c9b.wav,subo,ES_14,male,20-60,Panama
sumo_66a49c8417bd4649bbd8ded451edc70d.wav,sumo,ES_09,male,20-60,Costa Rica
suyo_b3475caa81b845e7b3b491186f37a529.wav,suyo,ES_07,male,20-60,Venezuela
tardo_6d3c0db4ec3840f298fee69aa31eb21a.wav,tardo,ES_09,male,20-60,Costa Rica
techo_1cc3e53f71e843eb86bdf6179f412985.wav,techo,ES_08,male,20-60,Colombia
tierna_e19315a5cbc04b1d983aa55e3f3e5383.wav,tierna,ES_04,male,20-60,Poland
tono_c3355c844c1a4713a207182680a8def6.wav,tono,ES_05,male,20-60,Venezuela
torso_205b370d287b4243a2bb7ad26101d0c5.wav,torso,ES_08,male,20-60,Colombia
trama_6d14908e747f447084a7ea985d320ea2.wav,trama,ES_06,male,20-60,Venezuela
tuna_96f106432acd40e9b8df6b32d816cac5.wav,tuna,ES_03,male,20-60,Mexico
vague_62de3ebcea204f29823849c95def2689.wav,vague,ES_08,male,20-60,Colombia
yapa_ddb04eeb3bda40e7b739e488bd09b15b.wav,yapa,ES_03,male,20-60,Mexico
yodo_c37eb23bed05496f8bf3d95b33789001.wav,yodo,ES_02,male,20-60,Guatemala
yoyo_7b77188385e340b8bf840ad4f2abdcf1.wav,yoyo,ES_05,male,20-60,Venezuela
bana_afd816c174eb4cb7b9e590ba628b392b.wav,baña,ES_22,female,20-60,Colombia
chapa_f02fd69845724483baee484e61900c5e.wav,chapa,ES_25,female,20-60,Dominican Republic
chelo_19ae4300c0504256bc54e4a721a0f979.wav,chelo,ES_26,female,20-60,Venezuela
chino_4b75ab07f37445df87e74e7aa36584fc.wav,chino,ES_26,female,20-60,Venezuela
chupe_bee1bd01d9404f799ab48b1f445b0b36.wav,chupe,ES_28,female,20-60,Guatemala
cobre_0b6ea902bbf84c45ae4b6ccf8455ed2b.wav,cobre,ES_30,female,20-60,Argentina
cuyo_1d04d1613e054967b24b4a5b8d871178.wav,cuyo,ES_25,female,20-60,Dominican Republic
dardo_f930175f10474a87a41c68fd2a7dd039.wav,dardo,ES_26,female,20-60,Venezuela
deme_9b2dfcefe7204fed82e22a48c3897c69.wav,deme,ES_22,female,20-60,Colombia
dorso_c7a6bdf387df4331a1a241f0c5509674.wav,dorso,ES_23,female,20-60,Venezuela
dia_1ee1084c9b5f4a21aff8db81cedf6020.wav,día,ES_25,female,20-60,Dominican Republic
feto_400e93f937684f899b202fbaba15b9b1.wav,feto,ES_23,female,20-60,Venezuela
foco_371400a0f4f54decaa6aedf8e33861ba.wav,foco,ES_23,female,20-60,Venezuela
hada_e8f351efb0be4a4fa6f36f817e367d0a.wav,hada,ES_22,female,20-60,Colombia
hielo_df6dedd3d7c44936bb23d7960d8bd796.wav,hielo,ES_23,female,20-60,Venezuela
lenes_2c9d59209b0341c682aaea7059d8856f.wav,leñes,ES_31,female,20-60,Colombia
lije_55002186bb3e4fe38071a187ff34028a.wav,lije,ES_23,female,20-60,Venezuela
lomo_1db43c7f6f174231bc1e5594f8bb7533.wav,lomo,ES_26,female,20-60,Venezuela
lujo_06740652eab64496b84723b18df02791.wav,lujo,ES_23,female,20-60,Venezuela
majo_abd6e1c3a75d4fde907e9238a43f3939.wav,majo,ES_23,female,20-60,Venezuela
mano_09926c78949749f7af5b5896ac9fee39.wav,maño,ES_29,female,20-60,Colombia
Mino_c2491248d3e4469ba4e70330683da8bf.wav,miño,ES_22,female,20-60,Colombia
neta_54d94ffafa0e446ea314aa688f9a4a7f.wav,neta,ES_22,female,20-60,Colombia
nudo_88bcfa1451134a0eb97e67ef87830090.wav,nudo,ES_30,female,20-60,Argentina
oso_3762fc9933004b189ef3d14d1c94a805.wav,oso,ES_43,female,20-60,Mexico
paja_234391b1c398480ab75e7a6c7fd1ad05.wav,paja,ES_28,female,20-60,Guatemala
paro_bcde976e5fe74500b17e78e61b178b57.wav,paro,ES_26,female,20-60,Venezuela
pata_66df08ea1a20479482409f71b4d6750e.wav,pata,ES_33,female,20-60,Spain
peso_fea8bf09c1f84e4a83208cbf3baab693.wav,peso,ES_26,female,20-60,Venezuela
pierna_8fe6507d656c4b72aac4b66d104556c8.wav,pierna,ES_32,female,20-60,Estonia
pitar_b101a9748fd34223b04b25754e714fb3.wav,pitar,ES_26,female,20-60,Venezuela
poco_5e750ba3f9da4cf1bbe19f8724caaf10.wav,poco,ES_27,female,20-60,Colombia
prima_47a36ccdb755494cb93acae0d8113489.wav,prima,ES_23,female,20-60,Venezuela
puente_b509a76da2e0441194901204563ac03c.wav,puente,ES_27,female,20-60,Colombia
pura_8f7540e702fe421baa2803d2fd1c9d43.wav,pura,ES_22,female,20-60,Colombia
quitar_e386bf13a23244beab74d40f8772cc0f.wav,quitar,ES_29,female,20-60,Colombia
rana_9eefb71ff56b4664a5c9378a3d2e8885.wav,rana,ES_31,female,20-60,Colombia
reyes_aa9c6122248c45358cf5030685fb0e62.wav,reyes,ES_25,female,20-60,Dominican Republic
sino_c714dbb559e84b80a9f5ea4186bae1ce.wav,sino,ES_29,female,20-60,Colombia
sudo_8bddf28af72648c3a48bcfb625ce3a89.wav,sudo,ES_29,female,20-60,Colombia
supe_249138fbcff34c6d81252e1dc3126707.wav,supe,ES_26,female,20-60,Venezuela
tacha_c3124a11c1bf4ed485730b1b31e9c4c5.wav,tacha,ES_23,female,20-60,Venezuela
tasa_746e04fc77a448b1b357ca57d0a6e4ac.wav,tasa,ES_24,female,20-60,Colombia
tenso_44e343dc4d9c469997b439961862bfa9.wav,tenso,ES_29,female,20-60,Colombia
tomo_79acc243c1f7467694614ce95414d6e1.wav,tomo,ES_25,female,20-60,Dominican Republic
toro_ff720eb5acee45a9a868ea9f8ccd6b3e.wav,toro,ES_27,female,20-60,Colombia
traba_30b4489066f447e186c4a2a7b63d06ed.wav,traba,ES_25,female,20-60,Dominican Republic
tuerca_b8b0eb0127d8444aa4c85cdb8c99454c.wav,tuerca,ES_33,female,20-60,Spain
tia_04ad3586c2414c31b1802299cc14f25f.wav,tía,ES_25,female,20-60,Dominican Republic
vaya_4a010346818c4b7f9a19f50948c4c308.wav,vaya,ES_31,female,20-60,Colombia
yema_7da61f82a174474e90f92b31b67c3725.wav,yema,ES_26,female,20-60,Venezuela
yola_600402d54bf1440db62ecdd94f12bec9.wav,yola,ES_22,female,20-60,Colombia
yupi_0b14f046ddfd44bfa663a900caf99f95.wav,yupi,ES_27,female,20-60,Colombia
baje_69631ad4aa93426e9979b28cb71c93bc.wav,baje,ES_44,female,20-60,Dominican Republic
caso_1ed6264b4acb40a7a5e6ec9622a2b2b9.wav,caso,ES_45,female,20-60,Venezuela
checo_53133c21e05649f0a5d0118f91bb1cb4.wav,checo,ES_20,female,20-60,Venezuela
Chema_9cbdf54664064f4fa4cc10fb0cf5988e.wav,chema,ES_20,female,20-60,Venezuela
chola_a91847935af94763b16bb2cc2d60114f.wav,chola,ES_44,female,20-60,Dominican Republic
chupi_cbfcda55485e4fd5b9aec6fd8bb3af8c.wav,chupi,ES_19,female,20-60,Colombia
cura_6ea40e0fae1148fab1b3dbe7b4f2147b.wav,cura,ES_46,female,20-60,Colombia
cuno_b340423d00ef47dcafebd09fa23d78a8.wav,cuño,ES_18,female,20-60,Venezuela
debe_884a4f2715f940b38a54e638c6c6f02b.wav,debe,ES_44,female,20-60,Dominican Republic
denso_367c5975973543a391b48e7e5b9b3db2.wav,denso,ES_19,female,20-60,Colombia
duna_1fff2d1c1ed749aca7ac264fb0d4e611.wav,duna,ES_44,female,20-60,Dominican Republic
faro_69c3b7ddbece4c2ab94bc110705eb86b.wav,faro,ES_44,female,20-60,Dominican Republic
fila_0f9d07edaa8b415bb243bbc7789ec571.wav,fila,ES_33,female,20-60,Spain
fuente_5e5acfb1896c477eb7899b4da6c3d866.wav,fuente,ES_31,female,20-60,Colombia
haya_a2b5e4a45f264724bd3d49b95178d9eb.wav,haya,ES_29,female,20-60,Colombia
leyes_d7348f2f540a4e388547959a1bf696bb.wav,leyes,ES_26,female,20-60,Venezuela
ligue_dda29ee329f246e483fca7774db56215.wav,ligue,ES_23,female,20-60,Venezuela
lobo_83008c588e39479ebc251e7917e890bc.wav,lobo,ES_32,female,20-60,Estonia
Lugo_2375b98c38974f4e9958a742f8c02d62.wav,lugo,ES_25,female,20-60,Dominican Republic
mago_e914089a5b0849d1bdcc7f842fb03883.wav,mago,ES_23,female,20-60,Venezuela
mayo_4f3c5c2a38bb440d9c5dde4311267008.wav,mayo,ES_25,female,20-60,Dominican Republic
meta_f84bcbbd39b84f439b6c45b310eada1b.wav,meta,ES_23,female,20-60,Venezuela
mudo_e219e08946634f8ebb67baed4edcc945.wav,mudo,ES_25,female,20-60,Dominican Republic
nino_a3e39f00280540318779b397e29cb2d7.wav,niño,ES_22,female,20-60,Colombia
ocho_16ee7e9699f8441e891acf0971c5a57b.wav,ocho,ES_23,female,20-60,Venezuela
paga_1e9aa28f59eb4152b573859c35a3c6ea.wav,paga,ES_23,female,20-60,Venezuela
papa_c8f30346a4dc42b383967fd0f5a602ac.wav,papa,ES_27,female,20-60,Colombia
paso_82dd817f37694b47853da2dbaf485030.wav,paso,ES_33,female,20-60,Spain
pecho_39dca49c30684653a7fa5d20fe3c4d1b.wav,pecho,ES_26,female,20-60,Venezuela
peto_ffd325a8c6794bf1b5b933ecd4df9dac.wav,peto,ES_23,female,20-60,Venezuela
pila_2c3a101047df41048464777733c2a96a.wav,pila,ES_23,female,20-60,Venezuela
pobre_ed99f64183994929acaefec1534a7251.wav,pobre,ES_33,female,20-60,Spain
poro_737ce007be924058bb48144c67b8d533.wav,poro,ES_26,female,20-60,Venezuela
priva_a1bc3f50c5dc48e2935a1cfe9828bccf.wav,priva,ES_31,female,20-60,Colombia
puerca_7e72d1d68bdc4e2784e2cd59ab23c8e7.wav,puerca,ES_26,female,20-60,Venezuela
queso_d9429c44d411432f8d068951a0839bb8.wav,queso,ES_26,female,20-60,Venezuela
rama_b256402cd97a4157b502e318fb58335f.wav,rama,ES_29,female,20-60,Colombia
redes_dcbd03417ac94154b6570c5a21890b86.wav,redes,ES_29,female,20-60,Colombia
seco_1e98e96fd00845d29bf9e993aacd6a5c.wav,seco,ES_34,female,20-60,Venezuela
subo_19dd8e12444d4ec2a86b7fa4dc9b67b4.wav,subo,ES_25,female,20-60,Dominican Republic
sumo_ea53258b98a54554b493ba4b1cb5d21d.wav,sumo,ES_26,female,20-60,Venezuela
suyo_74ab7fa8cfde4ccd8cffd81884e1b18d.wav,suyo,ES_33,female,20-60,Spain
tardo_4fed37bf249b4ef99353a2d1c98ad08d.wav,tardo,ES_23,female,20-60,Venezuela
techo_c3b82ce9fc1645ea83ec45177989a3c7.wav,techo,ES_26,female,20-60,Venezuela
tierna_e87108dc347341dfa265b1a38d70dec1.wav,tierna,ES_32,female,20-60,Estonia
tono_79bed78c3e204487a37470dba7a32067.wav,tono,ES_22,female,20-60,Colombia
torso_f42de42ba6514e9d8ee036da9f4051d1.wav,torso,ES_29,female,20-60,Colombia
trama_c2ede15c51174086a4345d214119c6ed.wav,trama,ES_24,female,20-60,Colombia
tuna_956dee5c8b614821819ac6c3ebbe0723.wav,tuna,ES_26,female,20-60,Venezuela
vague_a0ba42bd843048bdac9cd920a71c4fac.wav,vague,ES_26,female,20-60,Venezuela
yapa_8525ba58ac4f49808ef72a120eff3db6.wav,yapa,ES_23,female,20-60,Venezuela
yodo_2d5603f2dc044bf98a57c2c992bc2205.wav,yodo,ES_27,female,20-60,Colombia
yoyo_ab8f807219784ce49cc75c421626a056.wav,yoyo,ES_25,female,20-60,Dominican Republic
bana_157e27735e214acaaf363cb094ac7126.wav,baña,ES_02,male,20-60,Guatemala
chapa_48213b860add48c9951734b7c0b7f50d.wav,chapa,ES_09,male,20-60,Costa Rica
chelo_e55c02f6388845ea8c9f9853ee101b16.wav,chelo,ES_14,male,20-60,Panama
chino_69a74854020c41c9a5d6593dbb56c5d3.wav,chino,ES_08,male,20-60,Colombia
chupe_cd0714a9f321426fabf221fdd17bf0af.wav,chupe,ES_04,male,20-60,Poland
cobre_2fdd3ee62fd741418ae6b0475ed35554.wav,cobre,ES_05,male,20-60,Venezuela
cuyo_77c9090006da49bd99b06768671a67c4.wav,cuyo,ES_06,male,20-60,Venezuela
dardo_7ddcfd12ebda41ed8a61e69e1743bcd3.wav,dardo,ES_02,male,20-60,Guatemala
deme_84ad3af3ad9c4f8e8fd54af1bd9cead0.wav,deme,ES_08,male,20-60,Colombia
dorso_30e29d9dfeca47319a336de4882c842f.wav,dorso,ES_04,male,20-60,Poland
dia_0a8578a59d8c407690ca748504f5e86f.wav,día,ES_14,male,20-60,Panama
feto_4f2bbcbfa90448bc80d06905640ff93b.wav,feto,ES_08,male,20-60,Colombia
foco_09e3a1b56468407082fae11d80a57d1a.wav,foco,ES_07,male,20-60,Venezuela
hada_c91fd40c588a4a61947055acf718bb5b.wav,hada,ES_04,male,20-60,Poland
hielo_b332569d7c4a4afabd203b1d2ed0c46a.wav,hielo,ES_14,male,20-60,Panama
lenes_d0f1018b004d4d87af9c53571db37b33.wav,leñes,ES_16,male,20-60,Ecuador
lije_9b8ae92d24b140de84e33ae5a29a3b09.wav,lije,ES_06,male,20-60,Venezuela
lomo_f2ad2b0715f4482b85ec8aa899d41e91.wav,lomo,ES_05,male,20-60,Venezuela
lujo_3b972b5700a443279210cdc319f0cb66.wav,lujo,ES_41,male,20-60,Guatemala
majo_285fa0c692d741969973e979cba2b12e.wav,majo,ES_04,male,20-60,Poland
mano_b77af502036044a0980cadf36675e12c.wav,maño,ES_09,male,20-60,Costa Rica
Mino_624f40af53f94bf2bb97589b4b7121af.wav,miño,ES_05,male,20-60,Venezuela
neta_0e8fd4ec824347039bbd53fd19421792.wav,neta,ES_14,male,20-60,Panama
nudo_e8b1b8dcc092481388f36c9eed3d3d7c.wav,nudo,ES_06,male,20-60,Venezuela
oso_e5efcabaf09e431fa6c7765a3a05af25.wav,oso,ES_07,male,20-60,Venezuela
paja_f17681d1dbd84bc59b7d7d8931e582f7.wav,paja,ES_02,male,20-60,Guatemala
paro_588d4f4eea3b4223bde5216909458d1c.wav,paro,ES_14,male,20-60,Panama
pata_d79b84920ad4490481238bd5d79257ea.wav,pata,ES_05,male,20-60,Venezuela
peso_daf4235bd7cb4da39977e66d24374075.wav,peso,ES_09,male,20-60,Costa Rica
pierna_d7d531033a154f6dbd2752fe3f6d9443.wav,pierna,ES_02,male,20-60,Guatemala
pitar_cdbaf31654274c35824ca49a84b4f650.wav,pitar,ES_16,male,20-60,Ecuador
poco_dc5961cfc15e40ac823c345de2dc4909.wav,poco,ES_15,male,20-60,Costa Rica
prima_2edb55df3c7647d1a345b28d9b263185.wav,prima,ES_05,male,20-60,Venezuela
puente_caf27cf7fd554a1fbb1615ca8785c60f.wav,puente,ES_05,male,20-60,Venezuela
pura_03295d45cf1744a0bfaff81c8cec4504.wav,pura,ES_06,male,20-60,Venezuela
quitar_ef892756e17b4c9a8250079e1d9ff367.wav,quitar,ES_04,male,20-60,Poland
rana_ec3ad4aeb2864ee69cb518bd285729f0.wav,rana,ES_08,male,20-60,Colombia
reyes_79f1c19a2b614fad8fe9bbc30c2cb4c4.wav,reyes,ES_15,male,20-60,Costa Rica
sino_d93887a968ee4e7d85f6c4debfe023f9.wav,sino,ES_09,male,20-60,Costa Rica
sudo_268337535228468196758dbdc7b3f3f1.wav,sudo,ES_08,male,20-60,Colombia
supe_6b9609c7b9984a9d8578be3fca5f0ff7.wav,supe,ES_02,male,20-60,Guatemala
tacha_413de554b4cc4a0fbb027b97778e83e7.wav,tacha,ES_07,male,20-60,Venezuela
tasa_f46ae81ab2354713bcc63b22511c0bf7.wav,tasa,ES_09,male,20-60,Costa Rica
tenso_008da2db4f0c4aef93c14d0ce542ba23.wav,tenso,ES_07,male,20-60,Venezuela
tomo_6d200bf6aa48439f90ffdbb347d5a397.wav,tomo,ES_05,male,20-60,Venezuela
toro_f4e4d3bafe354d82af9c57f75bbb1e5d.wav,toro,ES_03,male,20-60,Mexico
traba_97dea6262d164b0cb61dfcecb51f0713.wav,traba,ES_14,male,20-60,Panama
tuerca_6e0e857b66a54766860ca005c171bebc.wav,tuerca,ES_04,male,20-60,Poland
tia_72652bdd6f454c138cb777bc54d42abd.wav,tía,ES_08,male,20-60,Colombia
vaya_0e6c119e6a9e4db89e81ca9a162b9bbc.wav,vaya,ES_02,male,20-60,Guatemala
yema_43b5011792ad4475bfe6cd7af14137fc.wav,yema,ES_08,male,20-60,Colombia
yola_8b49b348eab241009305b260679e96d9.wav,yola,ES_06,male,20-60,Venezuela
yupi_93f6d03abae24ce6b98f5777e6c8ab22.wav,yupi,ES_08,male,20-60,Colombia
baje_d3bef7076a6f4db8aed3fd61650deeb9.wav,baje,ES_06,male,20-60,Venezuela
caso_4cc0b86b48354d9cbc70264cbc66b400.wav,caso,ES_14,male,20-60,Panama
checo_3a9e6e56be5244e6ad2b69e0f99c62d3.wav,checo,ES_07,male,20-60,Venezuela
Chema_635fea7866cb4a26b51f3f9007ce98b3.wav,chema,ES_14,male,20-60,Panama
chola_295f5a0dc3474f91a53667823d64cbf6.wav,chola,ES_14,male,20-60,Panama
chupi_2a290b17368941308a216df1fd7b435e.wav,chupi,ES_14,male,20-60,Panama
cura_664cf86303a6419bac125ead3ba47c4d.wav,cura,ES_05,male,20-60,Venezuela
cuno_bd9f984ad3f64407ac5fc5d366a8a6dc.wav,cuño,ES_15,male,20-60,Costa Rica
debe_cab1d53002c547e7bfd315b3398913de.wav,debe,ES_14,male,20-60,Panama
denso_d0c0ebf7efa849409cd5daab04c93e0f.wav,denso,ES_07,male,20-60,Venezuela
duna_8f666f1deda84ebba6e1ca6deb417b27.wav,duna,ES_11,male,20-60,Spain
faro_84267cc1aec743bfb6db41776e91a801.wav,faro,ES_08,male,20-60,Colombia
fila_4eac6b9ec0f84958a0a0e83c8a4dc3ac.wav,fila,ES_07,male,20-60,Venezuela
fuente_520f5678590b4ef89d75146ebc70419f.wav,fuente,ES_05,male,20-60,Venezuela
haya_75c3bbb392bd4828b79d2cd201523ffa.wav,haya,ES_15,male,20-60,Costa Rica
leyes_959646bf9582419ebf485d5c8bce8c52.wav,leyes,ES_08,male,20-60,Colombia
ligue_dc699876d70f4a2881763cbde90d7323.wav,ligue,ES_03,male,20-60,Mexico
lobo_4ad5241ddcaa471285ac40cbe6b788b4.wav,lobo,ES_12,male,20-60,Venezuela
Lugo_76eada0adba1433bb022ccf3f99e5eac.wav,lugo,ES_06,male,20-60,Venezuela
mago_d09ba285cd5c4466a7bd9530cecc119b.wav,mago,ES_03,male,20-60,Mexico
mayo_5744e3b31b434fd3baf96557e264aef5.wav,mayo,ES_08,male,20-60,Colombia
meta_64300e2c4e8e4334a83eb68416efba17.wav,meta,ES_02,male,20-60,Guatemala
mudo_4fcd46f76877410da44c37cee44d3371.wav,mudo,ES_06,male,20-60,Venezuela
nino_6772edd87c1d4d9f8e8886229e37a6bf.wav,niño,ES_15,male,20-60,Costa Rica
ocho_cdfdd132d5624f0caa06155ed8a216f7.wav,ocho,ES_15,male,20-60,Costa Rica
paga_29f98c99f8cb43d0ab3c790c6cb85612.wav,paga,ES_04,male,20-60,Poland
papa_a74ae5327bfa4e0e9ef3c4a08053ed40.wav,papa,ES_03,male,20-60,Mexico
paso_411a72cf88e147d6948f9fef86698a57.wav,paso,ES_07,male,20-60,Venezuela
pecho_fb27450fd21e48019181e3f04b23c032.wav,pecho,ES_04,male,20-60,Poland
peto_b119490baef4442c8f812f7916a3ae6b.wav,peto,ES_02,male,20-60,Guatemala
pila_0dfad5c2b20b4930a1e606df6a9f8d78.wav,pila,ES_14,male,20-60,Panama
pobre_e67c22afdbfd45f3a58b95a2beb74ee5.wav,pobre,ES_05,male,20-60,Venezuela
poro_5f8aa0fad5c24c9c84f61a7e157cb5e0.wav,poro,ES_15,male,20-60,Costa Rica
priva_594df7974c4b4986a1bc5b4a546a9944.wav,priva,ES_14,male,20-60,Panama
puerca_1917b581a3244bc287b103729205bad8.wav,puerca,ES_16,male,20-60,Ecuador
queso_425d116afa1e427ab52915e609a42353.wav,queso,ES_02,male,20-60,Guatemala
rama_11f4d017fb6643a186a976586fe83fb9.wav,rama,ES_02,male,20-60,Guatemala
redes_9f8c4129bbae4007a09d404bf91451b7.wav,redes,ES_03,male,20-60,Mexico
seco_79f89b9a06e64b1cb368d07fdb27701b.wav,seco,ES_04,male,20-60,Poland
subo_2bb91da7b932490183084062077c3a74.wav,subo,ES_02,male,20-60,Guatemala
sumo_8ea41a99725a4e2394479f42e374d6a3.wav,sumo,ES_07,male,20-60,Venezuela
suyo_6c6a1efa7dde4da28efb8a89e5cafac8.wav,suyo,ES_08,male,20-60,Colombia
tardo_914a23ce4ad2449fb245a425fd158d8c.wav,tardo,ES_08,male,20-60,Colombia
techo_20f6472ebee64056b5d0e1954ccd22e6.wav,techo,ES_07,male,20-60,Venezuela
tierna_6f145db20703458990410df80d90fba0.wav,tierna,ES_02,male,20-60,Guatemala
tono_8f22c5849d5948a487034a9f2811e327.wav,tono,ES_06,male,20-60,Venezuela
torso_57c8e88f3f4b4eddb667a075747dc887.wav,torso,ES_02,male,20-60,Guatemala
trama_0f2d95b7606143d484a1ba8c4438396b.wav,trama,ES_03,male,20-60,Mexico
tuna_153e41365a1f49538c797f98bba9906c.wav,tuna,ES_15,male,20-60,Costa Rica
vague_2b038cdc437d40af8fd6e0aeb80aeba8.wav,vague,ES_07,male,20-60,Venezuela
yapa_40233f7658c34a2b9bf36b09b5c720fb.wav,yapa,ES_02,male,20-60,Guatemala
yodo_71a7b7686ff343e59217bcf9c909eb18.wav,yodo,ES_14,male,20-60,Panama
yoyo_0479943016634d4586f63d5b30bd56a7.wav,yoyo,ES_14,male,20-60,Panama
bana_79222dcc79ee479f9f14391fef6c6eeb.wav,baña,ES_44,female,20-60,Dominican Republic
chapa_7c1631fbff66430c811318e940479df7.wav,chapa,ES_19,female,20-60,Colombia
chelo_62dc62b7d2f546a29bdd66bdde68bd1a.wav,chelo,ES_47,female,20-60,Guatemala
chino_aaeaa67e0f17489ab449ca4fb456dfdf.wav,chino,ES_18,female,20-60,Venezuela
chupe_85f20ab73cf54da0b9774b5cd73f5585.wav,chupe,ES_33,female,20-60,Spain
cobre_79661904185b48c8a2cbaf3dad4f033d.wav,cobre,ES_27,female,20-60,Colombia
cuyo_ffc6c0cacf084ebf8b562f67f89a1441.wav,cuyo,ES_23,female,20-60,Venezuela
dardo_0104731c5aad4c12866d0eae0835e07d.wav,dardo,ES_25,female,20-60,Dominican Republic
deme_30f34a7d5bcd4943acdb7c585311de99.wav,deme,ES_25,female,20-60,Dominican Republic
dorso_1fe213746201492da517181094a94ef3.wav,dorso,ES_29,female,20-60,Colombia
dia_d36a519416804de18b3d4af077679f04.wav,día,ES_28,female,20-60,Guatemala
feto_9c1975e8482946d980338322b70e0872.wav,feto,ES_26,female,20-60,Venezuela
foco_b129a050bf7e477a8a4dd3b8a3a8b118.wav,foco,ES_25,female,20-60,Dominican Republic
hada_13ffa657fb124c41b3ea9215b2328ad1.wav,hada,ES_28,female,20-60,Guatemala
hielo_53f741890e8a4b31a86072cbc15446e4.wav,hielo,ES_27,female,20-60,Colombia
lenes_941a5c75f5c446ad9a5e294c6bd80b42.wav,leñes,ES_25,female,20-60,Dominican Republic
lije_a72b82817c6a4670ac18bd019e6b9aa9.wav,lije,ES_28,female,20-60,Guatemala
lomo_034e4e71aa474e238612dab00f007970.wav,lomo,ES_25,female,20-60,Dominican Republic
lujo_d6c29a90f86946338ca28503eba4a9b2.wav,lujo,ES_25,female,20-60,Dominican Republic
majo_512d8372cb11423f88cf08e867546b59.wav,majo,ES_22,female,20-60,Colombia
mano_9cf6ca68828b4f3eab1d754133d5689f.wav,maño,ES_25,female,20-60,Dominican Republic
Mino_b6b8945af0a744cab6f2bc3f1d099cf6.wav,miño,ES_27,female,20-60,Colombia
neta_1c172d8089bd4f3ba844585d86b22380.wav,neta,ES_28,female,20-60,Guatemala
nudo_85c559d5d32743f38418aec939dde5a5.wav,nudo,ES_22,female,20-60,Colombia
oso_67efcb4c42c34f3e943d34e5b7ad3b2a.wav,oso,ES_25,female,20-60,Dominican Republic
paja_d6c2995b644e4f85afaf0be1c952596b.wav,paja,ES_25,female,20-60,Dominican Republic
paro_42997b736aaf46a48931900e489e072f.wav,paro,ES_28,female,20-60,Guatemala
pata_a072bd980021406b90aa8676688c3515.wav,pata,ES_28,female,20-60,Guatemala
peso_9d31dafb076346c592badfc128b4613b.wav,peso,ES_34,female,20-60,Venezuela
pierna_f636e2fd4e0e41f19e7cbd694253d87f.wav,pierna,ES_25,female,20-60,Dominican Republic
pitar_38e2e25b74db4612a82cdb5d1eda6b8e.wav,pitar,ES_25,female,20-60,Dominican Republic
poco_7ec24cafaa6946919325abc7c0c8aac9.wav,poco,ES_23,female,20-60,Venezuela
prima_ded4245b66ae4d65a537d26bfbcb5646.wav,prima,ES_25,female,20-60,Dominican Republic
puente_7ebe68b607a44342b74bf6da0afba83c.wav,puente,ES_22,female,20-60,Colombia
pura_1b287c3b45fb41b7822bf4e487b6a6e0.wav,pura,ES_25,female,20-60,Dominican Republic
quitar_16e7412e330a40fb81404830b37559a7.wav,quitar,ES_28,female,20-60,Guatemala
rana_ac5c6ee915d84e55b4554d38bef71d90.wav,rana,ES_27,female,20-60,Colombia
reyes_2770b7111e1c4dc4b8d64434a48c9d6b.wav,reyes,ES_29,female,20-60,Colombia
sino_c41aa1b47c694203ab42ffc9580f925a.wav,sino,ES_26,female,20-60,Venezuela
sudo_026950509e1948959bc93d3cfb2e40f8.wav,sudo,ES_31,female,20-60,Colombia
supe_4587e5982ad742888785bdd59590c551.wav,supe,ES_29,female,20-60,Colombia
tacha_ef70b941c4354425a93b077e2284b0c2.wav,tacha,ES_26,female,20-60,Venezuela
tasa_49d9304325784cd7a317fe61481eec09.wav,tasa,ES_34,female,20-60,Venezuela
tenso_7d0b0659035a4b709da4d40cc4b5d36b.wav,tenso,ES_26,female,20-60,Venezuela
tomo_16562fe46b204c328e405f364e92ce53.wav,tomo,ES_22,female,20-60,Colombia
toro_1ca01f5085c2498092fdf563f609c9c2.wav,toro,ES_22,female,20-60,Colombia
traba_ff959adb882e4f028209347064a79b18.wav,traba,ES_26,female,20-60,Venezuela
tuerca_49a14f7f57af414eba0a2b3e2c2b97b6.wav,tuerca,ES_26,female,20-60,Venezuela
tia_9de19f2996274975bc953963b2e3e45c.wav,tía,ES_28,female,20-60,Guatemala
vaya_19b6b4ad62cb4c9eac069e080a0d7664.wav,vaya,ES_25,female,20-60,Dominican Republic
yema_54c3d835221c4e22a9c32acf73d010c2.wav,yema,ES_23,female,20-60,Venezuela
yola_fa0ab6b49a564ed39085de432d55da80.wav,yola,ES_23,female,20-60,Venezuela
yupi_fa02d4b6aaba4a029ef18a4ebd11e615.wav,yupi,ES_32,female,20-60,Estonia
baje_83e2dec122c1483ea7cda31db5c64be0.wav,baje,ES_48,female,20-60,Mexico
caso_1ec43eb69995425eb65cd3e2dc3396ec.wav,caso,ES_19,female,20-60,Colombia
checo_2be2072187d84ba3a6d3c2c7fa965597.wav,checo,ES_18,female,20-60,Venezuela
Chema_1f9fc6e7f60c486b9790e7af7a942d8f.wav,chema,ES_18,female,20-60,Venezuela
chola_56e3fd130dd246249fac5247f46f0439.wav,chola,ES_18,female,20-60,Venezuela
chupi_cbc43970b66548c985983057de41bc89.wav,chupi,ES_18,female,20-60,Venezuela
cura_1ce5680e4c75406aa0d9a6da70b13d10.wav,cura,ES_22,female,20-60,Colombia
cuno_298d98b49f884daea6e4c02bc146f7c3.wav,cuño,ES_22,female,20-60,Colombia
debe_a9901c37f6184c5ea3b2fe062750e090.wav,debe,ES_27,female,20-60,Colombia
denso_8f4d032215b64408a10834636599762d.wav,denso,ES_26,female,20-60,Venezuela
duna_b67011a1fc32464a86f68b92f1ab4428.wav,duna,ES_23,female,20-60,Venezuela
faro_9c5e15dc77e04bb6b6fa770df18a32b7.wav,faro,ES_23,female,20-60,Venezuela
fila_b264d078105546b3812dd8ee40edcfbe.wav,fila,ES_23,female,20-60,Venezuela
fuente_84dea3bccd1e4ec698b0552726eeeb96.wav,fuente,ES_25,female,20-60,Dominican Republic
haya_d960bc36d9144f87b8bb588a58fc660c.wav,haya,ES_28,female,20-60,Guatemala
leyes_364370e2a5e443cca41cc63c013f4787.wav,leyes,ES_29,female,20-60,Colombia
ligue_a280bffa605640afae902ae08530f9b5.wav,ligue,ES_26,female,20-60,Venezuela
lobo_55acec39240540489487832cee844f23.wav,lobo,ES_27,female,20-60,Colombia
Lugo_1659811bd7d442c18e2db4a6d3100feb.wav,lugo,ES_23,female,20-60,Venezuela
mago_b16d8599210a4c76924dceae76838a7e.wav,mago,ES_25,female,20-60,Dominican Republic
mayo_f2fe1955e5014bb5b41d25fc9dffdbaf.wav,mayo,ES_27,female,20-60,Colombia
meta_bfd93e65d0f341ce894761b4ffd3085b.wav,meta,ES_29,female,20-60,Colombia
mudo_f44aa99f58f645a587903362b8a8075b.wav,mudo,ES_23,female,20-60,Venezuela
nino_da41d3a35faf4ba3bff094390ec57535.wav,niño,ES_27,female,20-60,Colombia
ocho_92a610e7b1234a83b192d73b6a68ef69.wav,ocho,ES_28,female,20-60,Guatemala
paga_a5777c4781bf4732981e1b3a14615434.wav,paga,ES_28,female,20-60,Guatemala
papa_95b26e3d3b3241e19f2303ead532b3c3.wav,papa,ES_25,female,20-60,Dominican Republic
paso_201428bf47df461091b96d682d807875.wav,paso,ES_23,female,20-60,Venezuela
pecho_2918860894d94a56bbf0c08fd7bb5d56.wav,pecho,ES_25,female,20-60,Dominican Republic
peto_f8d0d72918314730968fac2497406d7e.wav,peto,ES_31,female,20-60,Colombia
pila_68da3d2c79f4435387a290afc7f2dfe4.wav,pila,ES_28,female,20-60,Guatemala
pobre_50f27fba8fcc4484856a74bb890b931e.wav,pobre,ES_25,female,20-60,Dominican Republic
poro_68b4e57b98c549b99fa302544ca92f9c.wav,poro,ES_25,female,20-60,Dominican Republic
priva_8c92ed4d1b7d4b3c9b443ae15bb72aba.wav,priva,ES_23,female,20-60,Venezuela
puerca_8922bbc026e34dd2a6fa6605b1044932.wav,puerca,ES_25,female,20-60,Dominican Republic
queso_685d6c16ad5241cf9ddcf9d43a27925b.wav,queso,ES_34,female,20-60,Venezuela
rama_e791cc312cf64f7a9388f1a9f333ab56.wav,rama,ES_25,female,20-60,Dominican Republic
redes_e8258e3b021840e5b852f519242e5a11.wav,redes,ES_32,female,20-60,Estonia
seco_3534c45cdd034c74890b9c10ead32f2e.wav,seco,ES_23,female,20-60,Venezuela
subo_15e3a5dfc49f40d5a8a468b216687032.wav,subo,ES_23,female,20-60,Venezuela
sumo_706a3a43f72e46da87a45fca1d17b29f.wav,sumo,ES_29,female,20-60,Colombia
suyo_b2692df7b1034c5789494ddab075d65c.wav,suyo,ES_32,female,20-60,Estonia
tardo_0fb1727e5ee7487d9aa3491c25947123.wav,tardo,ES_26,female,20-60,Venezuela
techo_f6d6e20422bf4f7b8dcdef2327db879e.wav,techo,ES_28,female,20-60,Guatemala
tierna_f7b20617de4948b4b0cbb872e04a5c19.wav,tierna,ES_26,female,20-60,Venezuela
tono_71101b4481e649b09b3dc01b14832d57.wav,tono,ES_26,female,20-60,Venezuela
torso_a936994306284dde9e5801765e4ef8d9.wav,torso,ES_25,female,20-60,Dominican Republic
trama_651449c552574b9abd8c075070ba49cc.wav,trama,ES_25,female,20-60,Dominican Republic
tuna_090ca697333e42d6b908760ca7d7e37d.wav,tuna,ES_22,female,20-60,Colombia
vague_7c5f744e2d804817bcec18608cfcf6dd.wav,vague,ES_25,female,20-60,Dominican Republic
yapa_56b2b6dfcb1f403286c64c75c2562c4f.wav,yapa,ES_29,female,20-60,Colombia
yodo_383dcc1af5e14ddeba0f2a9829ea0cf4.wav,yodo,ES_32,female,20-60,Estonia
yoyo_0fc4775b798d48f086868dfc5160ed95.wav,yoyo,ES_29,female,20-60,Colombia
bana_3a07e41ab3704ade9f84651c3d48c4de.wav,baña,ES_39,male,20-60,Costa Rica
chapa_0dc23fcbdef3463eadd1e28a82387f93.wav,chapa,ES_49,male,20-60,Costa Rica
chelo_a867abb7dd0f427f84247a1c694fad11.wav,chelo,ES_39,male,20-60,Costa Rica
chino_3732ae8715e946e99ad32a8534a7e14b.wav,chino,ES_36,male,20-60,Panama
chupe_0dc5bc1f508341dcb0d53b4976ed478b.wav,chupe,ES_50,male,20-60,Colombia
cobre_c5a5070b359143318c70a3d75c129ff8.wav,cobre,ES_36,male,20-60,Panama
cuyo_b9b18e69657f4568a7ad587125487abb.wav,cuyo,ES_13,male,20-60,Venezuela
dardo_d4c8a50d3f3346f4982e5ee0b72b8261.wav,dardo,ES_06,male,20-60,Venezuela
deme_6087770af8764167bb9e5836a57f40f2.wav,deme,ES_04,male,20-60,Poland
dorso_071b37033b8249118ec5225b6fd6c814.wav,dorso,ES_08,male,20-60,Colombia
dia_899b0413cde24dc3b2bd4f542ca0320a.wav,día,ES_06,male,20-60,Venezuela
feto_9c27e455a39d413eb6ddaee8efffa24c.wav,feto,ES_07,male,20-60,Venezuela
foco_8211da8756da432aaea8b026f13ec5d0.wav,foco,ES_51,male,20-60,Venezuela
hada_36bf3a9bcd334b50966dcf71727bf7ae.wav,hada,ES_02,male,20-60,Guatemala
hielo_7ef4aa20c5c641aebf3046513bfb6b93.wav,hielo,ES_08,male,20-60,Colombia
lenes_372d85d703944ad6a98dce1b10c1ba91.wav,leñes,ES_08,male,20-60,Colombia
lije_5bc4ad9ac397458bbc241d61d150e061.wav,lije,ES_03,male,20-60,Mexico
lomo_b4aad3d5c67b4a50818427ad2f313ab5.wav,lomo,ES_15,male,20-60,Costa Rica
lujo_c99818118e6448a8a474561fe85bd1c2.wav,lujo,ES_04,male,20-60,Poland
majo_53f09b087be24e6da984e378cbf217dd.wav,majo,ES_14,male,20-60,Panama
mano_e46403186e1c48fb8ab64cf924eb17e7.wav,maño,ES_15,male,20-60,Costa Rica
Mino_20085a9de5ae45d8a34347dd106aa937.wav,miño,ES_15,male,20-60,Costa Rica
neta_0081d846d6014f2c9ae95d3bd26d6433.wav,neta,ES_04,male,20-60,Poland
nudo_1b8b943b629341a5827dccf12861c7f7.wav,nudo,ES_03,male,20-60,Mexico
oso_b9f278029b6e48b6a25ad2f7a49a6f04.wav,oso,ES_04,male,20-60,Poland
paja_a243ea38dd3d43629afc3a23391bdb6f.wav,paja,ES_09,male,20-60,Costa Rica
paro_31afcb2e84e74bc48c07e4e6c716f19f.wav,paro,ES_08,male,20-60,Colombia
pata_1e8198c2711a471aa9cdc5d6ab4cef9d.wav,pata,ES_08,male,20-60,Colombia
peso_521a02bf7c0e407c8838b3d804a5bc97.wav,peso,ES_52,male,20-60,Venezuela
pierna_acb288e3c9d1432dbdd25e502c7f1b20.wav,pierna,ES_06,male,20-60,Venezuela
pitar_ee6faa7f60f149a6b909dbbd637fa8e5.wav,pitar,ES_09,male,20-60,Costa Rica
poco_c7a83204b80045649dc7b0c3a7b7965d.wav,poco,ES_06,male,20-60,Venezuela
prima_0d9e36bcf00543b18eb7ed8ef21ab826.wav,prima,ES_15,male,20-60,Costa Rica
puente_7a1cf05ecbe84eafabeed33a810e6590.wav,puente,ES_03,male,20-60,Mexico
pura_4794013bf3774b68af8b3c95f55f7c92.wav,pura,ES_03,male,20-60,Mexico
quitar_b1444d7760fb4363979b257245a0da45.wav,quitar,ES_08,male,20-60,Colombia
rana_9d6abcc5577c4a1a9754e3cb868acf71.wav,rana,ES_04,male,20-60,Poland
reyes_32c615b374014a4baafc807b0d3b90c0.wav,reyes,ES_02,male,20-60,Guatemala
sino_bf2a7a34d27e4981bedbadd08e676fa1.wav,sino,ES_02,male,20-60,Guatemala
sudo_b6e83fba2acc419cb956fe0ad24e8c7e.wav,sudo,ES_07,male,20-60,Venezuela
supe_29d5f1cb4a844afdb7c90217675433cf.wav,supe,ES_04,male,20-60,Poland
tacha_a63b3dbea75e4f5ebd9029a6704382c6.wav,tacha,ES_05,male,20-60,Venezuela
tasa_3d8902aa21f941f2920bd37b71b2a641.wav,tasa,ES_04,male,20-60,Poland
tenso_e190f572c12d466cb865c49acfdfb3bc.wav,tenso,ES_04,male,20-60,Poland
tomo_b717e6351948491bb21cb1d3ffce2b52.wav,tomo,ES_14,male,20-60,Panama
toro_cbc75de5f2d64f8989b2d96052c84d06.wav,toro,ES_05,male,20-60,Venezuela
traba_2deb783f95794dcead060b0eb87e35f2.wav,traba,ES_03,male,20-60,Mexico
tuerca_daf233a8827b4da58df4d81aacc43d9c.wav,tuerca,ES_05,male,20-60,Venezuela
tia_70398178d18f4c18a261ef6a8ca30a7b.wav,tía,ES_04,male,20-60,Poland
vaya_1a04da9f2bc142cda10c9bf34f2fd20f.wav,vaya,ES_08,male,20-60,Colombia
yema_556e0a985b454eff87992840b7dc2d61.wav,yema,ES_14,male,20-60,Panama
yola_1627953031ed480d8d93af5ec201f772.wav,yola,ES_02,male,20-60,Guatemala
yupi_382ef425f490458f962c2b3bb2e26e96.wav,yupi,ES_02,male,20-60,Guatemala
